Date,Name,Year,Letterboxd URI
2022-10-11,Twin Peaks: The Return,2017,https://boxd.it/hN9O
2022-10-23,Hellraiser,1987,https://boxd.it/1Zpi
2022-10-23,Gremlins,1984,https://boxd.it/29gg
2022-10-29,The Human Centipede 3 (Final Sequence),2015,https://boxd.it/3hRc
2022-10-29,"Three Billboards Outside Ebbing, Missouri",2017,https://boxd.it/ceBS
2022-10-29,The Banshees of Inisherin,2022,https://boxd.it/p7XS
2022-11-02,Din of Celestial Birds,2006,https://boxd.it/3f8E
2022-11-10,Night Tide,1961,https://boxd.it/15e4
2022-11-10,The Menu,2022,https://boxd.it/lScm
2022-11-15,Roma,2004,https://boxd.it/UuK
2022-11-15,Time for Revenge,1981,https://boxd.it/Uvo
2022-11-17,Children of Men,2006,https://boxd.it/1Y2i
2022-11-17,On the Silver Globe,1988,https://boxd.it/1sAM
2022-11-17,Paprika,2006,https://boxd.it/23wW
2022-11-17,Phase IV,1974,https://boxd.it/iDY
2022-11-17,Vivarium,2019,https://boxd.it/gmVE
2022-11-17,Magnolia,1999,https://boxd.it/2aze
2022-11-18,Las Poquianchis,1976,https://boxd.it/6UOi
2022-11-18,The Heist,1976,https://boxd.it/5xZ6
2022-11-30,The Treatment,2014,https://boxd.it/7mRY
2022-12-02,Trail to Terror,2022,https://boxd.it/z2DI
2022-12-04,The Novelist's Film,2022,https://boxd.it/yZX6
2022-12-04,The Fabelmans,2022,https://boxd.it/ugoM
2022-12-04,The Little Things,2021,https://boxd.it/mdxU
2022-12-04,Persona,1966,https://boxd.it/29B4
2022-12-04,Dune,2021,https://boxd.it/fA7G
2022-12-04,La Haine,1995,https://boxd.it/2as8
2022-12-04,Lolita,1962,https://boxd.it/29Ag
2022-12-05,A Woman Under the Influence,1974,https://boxd.it/1myg
2022-12-05,Cronos,1992,https://boxd.it/1TjS
2022-12-06,Tequila,1992,https://boxd.it/7DG4
2022-12-13,The Matrix Resurrections,2021,https://boxd.it/n87k
2022-12-17,Martin,1977,https://boxd.it/1tJ6
2022-12-22,It Follows,2014,https://boxd.it/87wo
2023-01-02,Cosmopolis,2012,https://boxd.it/H4O
2023-01-04,9 Lives of a Wet Pussycat,1976,https://boxd.it/8mMQ
2023-01-09,The Golden Dream,2013,https://boxd.it/5FkK
2023-01-09,The Silent Twins,2022,https://boxd.it/uA6e
2023-01-09,Alcarràs,2022,https://boxd.it/uh2i
2023-01-09,The Lobster,2015,https://boxd.it/7tnw
2023-01-09,The Favourite,2018,https://boxd.it/d2hI
2023-01-09,Dogtooth,2009,https://boxd.it/158K
2023-01-10,Joyland,2022,https://boxd.it/AlzM
2023-01-10,The Beasts,2022,https://boxd.it/w1L6
2023-01-13,Noise,2022,https://boxd.it/AgRG
2023-01-13,Atonement,2007,https://boxd.it/24ui
2023-01-13,Pride & Prejudice,2005,https://boxd.it/24u8
2023-01-14,Terrifier 3,2024,https://boxd.it/D8tM
2023-01-15,Prayers for the Stolen,2021,https://boxd.it/oZhu
2023-02-15,The Day of the Beast,1995,https://boxd.it/1Vyg
2023-02-15,Tetsuo: The Iron Man,1989,https://boxd.it/ZoM
2023-02-15,964 Pinocchio,1991,https://boxd.it/EhA
2023-02-15,Sadako vs. Kayako,2016,https://boxd.it/dk98
2023-02-15,I Saw the Devil,2010,https://boxd.it/FaK
2023-02-15,Trick 'r Treat,2007,https://boxd.it/1zvE
2023-02-15,House of 1000 Corpses,2003,https://boxd.it/26uE
2023-02-16,Drag Me to Hell,2009,https://boxd.it/1Jzw
2023-02-17,Harakiri,1962,https://boxd.it/1NTU
2023-02-17,The Wolf House,2018,https://boxd.it/i1vE
2023-02-20,Maniac,2012,https://boxd.it/3wzs
2023-02-20,El Infierno,2010,https://boxd.it/yvm
2023-02-20,The King's Speech,2010,https://boxd.it/dX0
2023-02-22,Herod's Law,1999,https://boxd.it/1O7i
2023-02-22,¡Que viva México!,2023,https://boxd.it/wLWk
2023-02-22,The Spirit of the Beehive,1973,https://boxd.it/24eY
2023-02-25,Unforgiven,1992,https://boxd.it/6Z4
2023-02-27,Pain and Glory,2019,https://boxd.it/iOBQ
2023-02-27,All About My Mother,1999,https://boxd.it/2b9c
2023-03-02,My Year of Dicks,2022,https://boxd.it/AF9k
2023-03-02,Come and See,1985,https://boxd.it/1w9q
2023-03-03,Coherence,2013,https://boxd.it/6xza
2023-03-03,Lux Æterna,2019,https://boxd.it/m6b8
2023-03-03,Ida,2013,https://boxd.it/6fRg
2023-03-03,Cold War,2018,https://boxd.it/fEoc
2023-03-04,Eat,2012,https://boxd.it/g1JC
2023-03-04,Enter the Dragon,1973,https://boxd.it/1YCA
2023-03-05,Accattone,1961,https://boxd.it/1RSw
2023-03-05,Maniac,1980,https://boxd.it/1s0k
2023-03-05,D.O.A.,1949,https://boxd.it/1FUg
2023-03-05,Annie Hall,1977,https://boxd.it/29M2
2023-03-05,Carmín tropical,2014,https://boxd.it/7SkM
2023-03-05,Time Theorem,2022,https://boxd.it/AAh4
2023-03-05,Boiling Point,2021,https://boxd.it/uo2u
2023-03-11,Wayne's World,1992,https://boxd.it/1ZHG
2023-03-14,The Last House on the Left,2009,https://boxd.it/1H2q
2023-03-14,The Handmaiden,2016,https://boxd.it/948A
2023-03-14,Mishima: A Life in Four Chapters,1985,https://boxd.it/1sBA
2023-03-14,Le Trou,1960,https://boxd.it/1nSw
2023-03-14,The Cranes Are Flying,1957,https://boxd.it/169Y
2023-03-14,Before Sunset,2004,https://boxd.it/2bcg
2023-03-14,The Ascent,1977,https://boxd.it/Eew
2023-03-14,Once Upon a Time in the West,1968,https://boxd.it/2az4
2023-03-14,2001: A Space Odyssey,1968,https://boxd.it/2bf0
2023-03-14,One Flew Over the Cuckoo's Nest,1975,https://boxd.it/2aeA
2023-03-14,Alien,1979,https://boxd.it/2awY
2023-03-14,8½,1963,https://boxd.it/2aqm
2023-03-14,Landscape in the Mist,1988,https://boxd.it/JRy
2023-03-14,Bicycle Thieves,1948,https://boxd.it/23hW
2023-03-14,Casablanca,1942,https://boxd.it/2aG0
2023-03-14,The Young and the Damned,1950,https://boxd.it/29AA
2023-03-14,Moonlight,2016,https://boxd.it/d6bE
2023-03-14,Fargo,1996,https://boxd.it/2aHM
2023-03-14,All That Jazz,1979,https://boxd.it/1JB8
2023-03-14,Dead Poets Society,1989,https://boxd.it/2aSg
2023-03-14,The Grand Budapest Hotel,2014,https://boxd.it/3ZqO
2023-03-14,Akira,1988,https://boxd.it/2b1i
2023-03-14,Terminator 2: Judgment Day,1991,https://boxd.it/2aGY
2023-03-14,I Dream in Another Language,2017,https://boxd.it/bZ5M
2023-03-14,La Notte,1961,https://boxd.it/10iU
2023-03-14,Metropolis,1927,https://boxd.it/71a
2023-03-14,Make Way for Tomorrow,1937,https://boxd.it/10hC
2023-03-14,The Tale of the Princess Kaguya,2013,https://boxd.it/4JQI
2023-03-14,Samurai Rebellion,1967,https://boxd.it/2loc
2023-03-14,Over the Garden Wall,2014,https://boxd.it/eqFw
2023-03-14,The Secret World of Arrietty,2010,https://boxd.it/AF4
2023-03-14,Whisper of the Heart,1995,https://boxd.it/17uy
2023-03-14,Castle in the Sky,1986,https://boxd.it/1W4G
2023-03-14,Ghost Stories,2017,https://boxd.it/fdA6
2023-03-14,The Hitchhiker's Guide to the Galaxy,2005,https://boxd.it/20VE
2023-03-15,Theorem,1968,https://boxd.it/237C
2023-03-15,Caligula,1979,https://boxd.it/1YDS
2023-03-15,The Girl Next Door,2007,https://boxd.it/1MoQ
2023-03-17,Twilight Zone: The Movie,1983,https://boxd.it/1Mtw
2023-03-18,Robe of Gems,2022,https://boxd.it/yZWW
2023-03-18,Another Round,2020,https://boxd.it/lkba
2023-03-19,Gone with the Wind,1939,https://boxd.it/29Fq
2023-03-19,The Useless Life of Pito Perez,1944,https://boxd.it/cIps
2023-03-19,Pito Pérez se va de bracero,1948,https://boxd.it/dkIW
2023-03-21,Persona,2018,https://boxd.it/nBOM
2023-03-22,The Darkest Hour,2011,https://boxd.it/2lTE
2023-03-23,Maborosi,1995,https://boxd.it/1G9U
2023-03-23,Jacob's Ladder,1990,https://boxd.it/270g
2023-03-23,Requiem,2006,https://boxd.it/2adC
2023-03-23,Super Dark Times,2017,https://boxd.it/dTle
2023-03-24,The Color of Pomegranates,1969,https://boxd.it/1u94
2023-03-24,Que Viva Mexico!,1979,https://boxd.it/9Fw
2023-03-24,The Thing,1982,https://boxd.it/294O
2023-03-25,Semana Santa,2015,https://boxd.it/99Qi
2023-03-25,The Good Girls,2018,https://boxd.it/jJtO
2023-03-25,The Adventuress,1950,https://boxd.it/3PEQ
2023-03-25,Bellas de noche (Las ficheras),1975,https://boxd.it/bdYu
2023-03-25,"Rhythm, Betrayal and Death: The Killer Cumbia",1991,https://boxd.it/3zYA
2023-03-25,Guinea Pig: Devil's Experiment,1985,https://boxd.it/1H9w
2023-03-25,Heremias: Book One - The Legend of the Lizard Princess,2006,https://boxd.it/5kzO
2023-03-25,Drive,2011,https://boxd.it/IG
2023-03-25,Primer,2004,https://boxd.it/6YA
2023-03-25,Mirror,1975,https://boxd.it/28Q8
2023-03-26,Vertigo,1958,https://boxd.it/2apI
2023-03-26,Rebecca,1940,https://boxd.it/2aQa
2023-03-27,Before Sunrise,1995,https://boxd.it/2bcU
2023-03-27,Before Midnight,2013,https://boxd.it/4ive
2023-03-28,Spider Baby,1967,https://boxd.it/1pri
2023-03-28,Santa,1918,https://boxd.it/8WVE
2023-03-28,Santa,1932,https://boxd.it/5xco
2023-03-28,Eyes Without a Face,1960,https://boxd.it/1j9i
2023-03-29,Mission: Impossible – Dead Reckoning Part One,2023,https://boxd.it/l7zS
2023-03-29,Mad God,2021,https://boxd.it/vVPm
2023-03-29,You Won't Be Alone,2022,https://boxd.it/xjIG
2023-03-29,Blue Demon vs. the Diabolical Women,1968,https://boxd.it/cP3y
2023-03-30,The Shadow of the Strongman,1960,https://boxd.it/3Z44
2023-03-31,Villains,2019,https://boxd.it/isnC
2023-03-31,L'Eclisse,1962,https://boxd.it/1CoG
2023-03-31,The Beast Within,1982,https://boxd.it/12cE
2023-03-31,Tijuana Makes Me Happy,2007,https://boxd.it/oZt6
2023-04-01,The Cabinet of Dr. Caligari,1920,https://boxd.it/2aOo
2023-04-01,Nosferatu,1922,https://boxd.it/29TM
2023-04-01,Man with a Movie Camera,1929,https://boxd.it/1u7s
2023-04-01,Toute une nuit,1982,https://boxd.it/9oA
2023-04-01,Dark Habits,1983,https://boxd.it/20tg
2023-04-01,The Skeleton Dance,1929,https://boxd.it/374E
2023-04-01,Doctor Strange in the Multiverse of Madness,2022,https://boxd.it/gaTc
2023-04-01,Zodiac,2007,https://boxd.it/27MO
2023-04-01,Blade Runner,1982,https://boxd.it/2bcA
2023-04-01,House of Wax,1953,https://boxd.it/1GGE
2023-04-01,FearDotCom,2002,https://boxd.it/1YpG
2023-04-01,Dangerous Beauty,1998,https://boxd.it/202k
2023-04-01,"I, Robot",2004,https://boxd.it/27y8
2023-04-01,Top Gun,1986,https://boxd.it/29JC
2023-04-01,Top Gun: Maverick,2022,https://boxd.it/cjr4
2023-04-02,Killers of the Flower Moon,2023,https://boxd.it/gHp0
2023-04-04,"4 Months, 3 Weeks and 2 Days",2007,https://boxd.it/27DW
2023-04-04,November,2003,https://boxd.it/1XQ2
2023-04-08,The Story of Film: An Odyssey,2011,https://boxd.it/A10C
2023-04-11,Ms .45,1981,https://boxd.it/1AWG
2023-04-11,The Gospel According to St. Matthew,1964,https://boxd.it/1y7c
2023-04-11,Ro.Go.Pa.G.,1963,https://boxd.it/j04
2023-04-11,The Decameron,1971,https://boxd.it/1fdq
2023-04-11,He Who Gets Slapped,1924,https://boxd.it/1rDg
2023-04-11,Once Upon a Time in Mexico,2003,https://boxd.it/28LM
2023-04-11,El Mariachi,1992,https://boxd.it/1YRq
2023-04-11,Desperado,1995,https://boxd.it/20Bk
2023-04-11,Ichi the Killer,2001,https://boxd.it/1Y1O
2023-04-12,Audition,1999,https://boxd.it/1UHm
2023-04-12,Jigsaw,2017,https://boxd.it/9sDs
2023-04-12,Under the Skin,2013,https://boxd.it/3mDa
2023-04-13,The Last Temptation of Christ,1988,https://boxd.it/1ULe
2023-04-13,The Motorcycle Diaries,2004,https://boxd.it/28nU
2023-04-14,The Mask of Satan,1989,https://boxd.it/I2Y
2023-04-15,The Driller Killer,1979,https://boxd.it/1PV4
2023-04-15,Curtains,1983,https://boxd.it/2hwc
2023-04-15,The Brood,1979,https://boxd.it/1ovS
2023-04-15,The Dead Are Alive,1972,https://boxd.it/D2
2023-04-15,Last Night in Soho,2021,https://boxd.it/lbJC
2023-04-15,Scarface,1983,https://boxd.it/2b7g
2023-04-15,Do the Right Thing,1989,https://boxd.it/29gA
2023-04-15,Halloween,2018,https://boxd.it/f0uE
2023-04-15,Les Misérables,2012,https://boxd.it/2TT4
2023-04-15,Fear and Loathing in Las Vegas,1998,https://boxd.it/27Xs
2023-04-15,The Mummy,1999,https://boxd.it/2a7a
2023-04-15,Candyman,2021,https://boxd.it/kHFg
2023-04-15,The Lost World: Jurassic Park,1997,https://boxd.it/2azS
2023-04-15,Hannibal,2001,https://boxd.it/1XVc
2023-04-15,Oblivion,2013,https://boxd.it/2Bzq
2023-04-15,Dawn of the Dead,2004,https://boxd.it/29gK
2023-04-15,The Black Dahlia,2006,https://boxd.it/1Y52
2023-04-15,Chopping Mall,1986,https://boxd.it/1ow2
2023-04-15,Sex and Fury,1973,https://boxd.it/1Dgo
2023-04-15,The Transgressor,1974,https://boxd.it/1300
2023-04-15,Corruption,1983,https://boxd.it/cdXy
2023-04-15,Deep Throat in Tokyo,1975,https://boxd.it/4zK6
2023-04-15,Deep Throat Part II,1974,https://boxd.it/2l8I
2023-04-15,Emmanuelle: First Contact,1994,https://boxd.it/3nlm
2023-04-15,Blow-Up,1966,https://boxd.it/2966
2023-04-17,The Dark Crystal,1982,https://boxd.it/1Tm8
2023-04-17,The Funhouse,1981,https://boxd.it/1PUK
2023-04-17,Mr. Lucky,1943,https://boxd.it/KVG
2023-04-17,To Each His Own Cinema,2007,https://boxd.it/1bju
2023-04-18,Nowhere,1997,https://boxd.it/286E
2023-04-18,Perfect Blue,1997,https://boxd.it/1W7A
2023-04-18,Dawn of the Dead,1978,https://boxd.it/29gU
2023-04-18,Pi,1998,https://boxd.it/2ajq
2023-04-18,Citizen Kane,1941,https://boxd.it/71O
2023-04-19,The Seventh Seal,1957,https://boxd.it/2ahO
2023-04-21,Bicentennial Man,1999,https://boxd.it/2722
2023-04-21,Bitter Moon,1992,https://boxd.it/1W76
2023-04-25,Atrocious,2015,https://boxd.it/9yUa
2023-04-26,Manji,1983,https://boxd.it/bS0g
2023-04-27,Fugue,2018,https://boxd.it/hNGe
2023-04-30,Unicorn Wars,2022,https://boxd.it/lBma
2023-04-30,Pola X,1999,https://boxd.it/1c20
2023-05-01,Drunken Master,1978,https://boxd.it/1Ujk
2023-05-01,Die Hard,1988,https://boxd.it/2a7u
2023-05-01,G.I. Joe: The Rise of Cobra,2009,https://boxd.it/1Ndu
2023-05-01,Sundown,2021,https://boxd.it/wgbs
2023-05-02,All That I Love,2009,https://boxd.it/12RW
2023-05-02,Million Dollar Baby,2004,https://boxd.it/2bdI
2023-05-03,Victoria,2015,https://boxd.it/amSe
2023-05-05,"Paris, Texas",1984,https://boxd.it/29Ts
2023-05-05,Under California: The Limit of Time,1998,https://boxd.it/7j4E
2023-05-08,Naked Lunch,1991,https://boxd.it/26ow
2023-05-09,The Discovery,2017,https://boxd.it/d4gC
2023-05-09,Wild at Heart,1990,https://boxd.it/2aii
2023-05-10,I Killed My Mother,2009,https://boxd.it/1ubO
2023-05-10,Radius,2017,https://boxd.it/fuqC
2023-05-10,Loving Vincent,2017,https://boxd.it/biIQ
2023-05-10,"As Above, So Below",2014,https://boxd.it/7yui
2023-05-11,Good Bye Lenin!,2003,https://boxd.it/2ayA
2023-05-12,Moon,2009,https://boxd.it/1IGQ
2023-05-12,The Voices,2014,https://boxd.it/7b3S
2023-05-17,Un Chien Andalou,1929,https://boxd.it/29Y8
2023-05-18,The Vampire,1957,https://boxd.it/3Z3q
2023-05-18,The Curse of the Crying Woman,1961,https://boxd.it/a6M
2023-05-21,Tenet,2020,https://boxd.it/leq4
2023-05-23,Gia,1998,https://boxd.it/1NUo
2023-05-23,Intruders,2014,https://boxd.it/9t8U
2023-05-25,Scorpio Rising,1963,https://boxd.it/Mks
2023-06-03,The Disaster Artist,2017,https://boxd.it/cTqc
2023-06-06,Tenacious D in The Pick of Destiny,2006,https://boxd.it/27go
2023-06-09,The Kautokeino Rebellion,2008,https://boxd.it/1QzS
2023-06-12,Stalker,1979,https://boxd.it/28PO
2023-06-12,Solaris,1972,https://boxd.it/2a2Y
2023-06-13,Y Tu Mamá También,2001,https://boxd.it/28QM
2023-06-13,La Civil,2021,https://boxd.it/vqqg
2023-06-13,Tempestad,2016,https://boxd.it/99Q8
2023-06-13,Danzón,1991,https://boxd.it/3OgI
2023-06-13,Lola,1989,https://boxd.it/4DBM
2023-06-20,Blow Out,1981,https://boxd.it/1TlE
2023-06-30,Asteroid City,2023,https://boxd.it/s3ds
2023-07-10,The Card Counter,2021,https://boxd.it/nTH0
2023-07-26,Antrum,2018,https://boxd.it/exNM
2023-07-27,The Autopsy of Jane Doe,2016,https://boxd.it/dUu2
2023-07-29,Man of Marble,1977,https://boxd.it/2aQ0
2023-08-27,Vístete Cristina,1959,https://boxd.it/mwrc
2023-08-27,One Way or Another,1975,https://boxd.it/53UU
2023-08-27,La hija del ministro,1952,https://boxd.it/eplq
2023-09-15,Nekromantik,1988,https://boxd.it/1T0w
2023-10-04,Evilenko,2004,https://boxd.it/NoK
2023-10-09,Saw X,2023,https://boxd.it/zUWk
2023-10-09,Onibaba,1964,https://boxd.it/252a
2023-10-09,August Underground,2001,https://boxd.it/1wT4
2023-10-09,The Angels' Melancholia,2009,https://boxd.it/4XmC
2023-10-09,Slaughtered Vomit Dolls,2006,https://boxd.it/1b0M
2023-10-09,Mondo Cane,1962,https://boxd.it/1gGo
2023-10-13,Angst,1983,https://boxd.it/1G46
2023-10-23,The Zone of Interest,2023,https://boxd.it/gJsA
2023-10-23,Perfect Days,2023,https://boxd.it/ATh8
2023-10-24,Poor Things,2023,https://boxd.it/tNWU
2023-10-24,All of Us Strangers,2023,https://boxd.it/Bz3C
2023-10-24,The Black Swan,1942,https://boxd.it/1mss
2023-10-25,Close Your Eyes,2023,https://boxd.it/BGhm
2023-10-25,The Executioner,1963,https://boxd.it/24eu
2023-10-25,Goodnight Mommy,2014,https://boxd.it/8Niy
2023-10-25,Inside,2007,https://boxd.it/1QqG
2023-10-25,The Hunt,2012,https://boxd.it/3wEC
2023-10-25,O Fantasma,2000,https://boxd.it/2lnI
2023-10-25,Tótem,2023,https://boxd.it/Aag0
2023-10-25,May December,2023,https://boxd.it/vEE2
2023-10-27,The Double Life of Véronique,1991,https://boxd.it/28va
2023-10-27,Monster,2023,https://boxd.it/DJEM
2023-10-27,Hellzapoppin',1941,https://boxd.it/1FD0
2023-10-28,"BARDO, False Chronicle of a Handful of Truths",2022,https://boxd.it/pAgy
2023-10-29,The Echo,2023,https://boxd.it/EcRq
2023-10-31,Celluloid Underground,2023,https://boxd.it/IoMU
2023-11-01,Dark Harvest,2023,https://boxd.it/paVq
2023-11-01,The Invitation,2015,https://boxd.it/9OUU
2023-11-01,Parasyte -the maxim-,2014,https://boxd.it/pDn8
2023-11-01,How to Train Your Dragon 2,2014,https://boxd.it/2TRW
2023-11-01,Hostel: Part III,2011,https://boxd.it/2qoc
2023-11-01,The Hills Have Eyes,2006,https://boxd.it/1XNC
2023-11-01,Grave of the Fireflies,1988,https://boxd.it/1RUM
2023-11-01,The Dead Zone,1983,https://boxd.it/1U6g
2023-11-01,Apocalypse Now,1979,https://boxd.it/6ZS
2023-11-07,In My Skin,2002,https://boxd.it/283A
2023-11-07,The Hand,2023,https://boxd.it/Jq6e
